pathogen_cat,vaccine_coverage_cat,parameter_cat,state,estimate,lower,upper
Measles,No vaccinations,Reproductive number,US,0.9092439565955045,0.8955611584890936,0.9244353180022964
Measles,No vaccinations,Importation rate,US,0.6710713413422096,0.6350694192809773,0.71011861021055
Measles,No vaccinations,Ages: 0-4,US,-0.47642216056878145,-0.5345758278499615,-0.41973584164763633
Measles,No vaccinations,Ages: 5-9,US,-0.50287781247765,-0.5574706633435187,-0.4472445251322513
Measles,No vaccinations,Ages: 10-14,US,-0.5414360423142647,-0.5952192301859964,-0.4905531822011916
Measles,No vaccinations,Ages: 15-19,US,-0.5001097557841594,-0.5612329228292408,-0.4468215665495828
Measles,No vaccinations,Ages: 20-24,US,-0.5219649597536657,-0.5753345533358014,-0.4631510938073914
Measles,No vaccinations,Ages: 25-29,US,-0.5714827041933608,-0.6225904526109124,-0.521553850714109
Measles,No vaccinations,Ages: 30-34,US,-0.5367634825558466,-0.591479619308994,-0.48458490056746906
Measles,No vaccinations,Ages: 35-39,US,-0.4901847195073172,-0.5411879937861728,-0.43734142762178085
Measles,No vaccinations,Ages: 40-44,US,-0.4480529128334424,-0.5054987710189559,-0.39516101253558966
Measles,No vaccinations,Ages: 45-49,US,-0.4051185777494735,-0.4646261731945804,-0.33862292999621074
Measles,No vaccinations,Ages: 50-54,US,-0.4069498795559979,-0.4648372862712049,-0.35215675356316406
Measles,No vaccinations,Ages: 55-59,US,-0.4257992307625238,-0.48842105186951357,-0.3647510058504435
Measles,No vaccinations,Ages: 60-64,US,-0.317553808313698,-0.376529998452804,-0.2626885826398359
Measles,No vaccinations,Ages: 65-69,US,-0.18338826299798758,-0.2509472481945518,-0.1235330148169346
Measles,No vaccinations,Ages: 70-74,US,-0.059633358309495045,-0.11950363288899382,0.00603565399236107
Measles,No vaccinations,Ages: 75-79,US,-0.047584137814645516,-0.11516083492516156,0.014912470139554601
Measles,No vaccinations,Ages: 80-84,US,-0.006688128201298279,-0.07313449692256183,0.05680283619217419
Measles,No vaccinations,Ages: 85+,US,0.054354861637559336,-0.00650727100475311,0.11656958349698116
Measles,75% lower,Reproductive number,US,0.9196712338585358,0.9078593901706671,0.9320276370954607
Measles,75% lower,Importation rate,US,0.6444855638204728,0.6051182536155078,0.6858552793147028
Measles,75% lower,Ages: 0-4,US,-0.5087080588242433,-0.5705733993771804,-0.45041972554464194
Measles,75% lower,Ages: 5-9,US,-0.5252145405076908,-0.5789813883983196,-0.4714147308690696
Measles,75% lower,Ages: 10-14,US,-0.5613113696967234,-0.6156524888225594,-0.5061389556028439
Measles,75% lower,Ages: 15-19,US,-0.5146899437156154,-0.5699043571391558,-0.45977854873729596
Measles,75% lower,Ages: 20-24,US,-0.5362080812788227,-0.5881401262311032,-0.4772675971310981
Measles,75% lower,Ages: 25-29,US,-0.5860560007371654,-0.6362190601703077,-0.537908267943756
Measles,75% lower,Ages: 30-34,US,-0.5491093996371509,-0.605242283217041,-0.4967331858919105
Measles,75% lower,Ages: 35-39,US,-0.4936422278954434,-0.5488112733250492,-0.43740366951648235
Measles,75% lower,Ages: 40-44,US,-0.45210166047314937,-0.5069160567348177,-0.3955134665500426
Measles,75% lower,Ages: 45-49,US,-0.39327243207977824,-0.4568498016108122,-0.32854805309685725
Measles,75% lower,Ages: 50-54,US,-0.3903416787039117,-0.4482337279467495,-0.33306228557132933
Measles,75% lower,Ages: 55-59,US,-0.38752718512663487,-0.4525351162953367,-0.32953216270459906
Measles,75% lower,Ages: 60-64,US,-0.2841621123491457,-0.33864373381350377,-0.22545634054617725
Measles,75% lower,Ages: 65-69,US,-0.15920687339141879,-0.22239999471453936,-0.09153992177651729
Measles,75% lower,Ages: 70-74,US,-0.034654419990151404,-0.10095104073190181,0.027731262148930902
Measles,75% lower,Ages: 75-79,US,-0.03814068190233244,-0.10086096738300418,0.023295432385300532
Measles,75% lower,Ages: 80-84,US,-0.002659623825405578,-0.06455917940066398,0.06347175475172119
Measles,75% lower,Ages: 85+,US,0.06157983261405747,-0.002910134097066308,0.1302329624734263
Measles,50% lower,Reproductive number,US,0.9339080528685318,0.923354765476921,0.9459513413847982
Measles,50% lower,Importation rate,US,0.6089329051344943,0.5626344690208148,0.65264107676435
Measles,50% lower,Ages: 0-4,US,-0.5516471017170356,-0.6126578240077015,-0.49935937865952695
Measles,50% lower,Ages: 5-9,US,-0.5693335726831454,-0.6246495105455322,-0.5187789920119303
Measles,50% lower,Ages: 10-14,US,-0.589869425510223,-0.6468467178129899,-0.5388741748402647
Measles,50% lower,Ages: 15-19,US,-0.533867587699694,-0.5938798285649943,-0.47734150914851825
Measles,50% lower,Ages: 20-24,US,-0.5565128146725826,-0.618079340248189,-0.500137876167101
Measles,50% lower,Ages: 25-29,US,-0.5998861570571989,-0.6476453663462265,-0.5539787818327413
Measles,50% lower,Ages: 30-34,US,-0.560663630858677,-0.6156907272297207,-0.5075364271651951
Measles,50% lower,Ages: 35-39,US,-0.4872281340906804,-0.5465206231286748,-0.42925238789555464
Measles,50% lower,Ages: 40-44,US,-0.43550129125255344,-0.4884484361695954,-0.37345770456847277
Measles,50% lower,Ages: 45-49,US,-0.3700292586119688,-0.4384007587751869,-0.30657071531525243
Measles,50% lower,Ages: 50-54,US,-0.35015373678646117,-0.4089638119459747,-0.29038905613230076
Measles,50% lower,Ages: 55-59,US,-0.3523019198481105,-0.41943201919655293,-0.2884982452398708
Measles,50% lower,Ages: 60-64,US,-0.23711638543131042,-0.29798381471981006,-0.1773768382355453
Measles,50% lower,Ages: 65-69,US,-0.1273365305845572,-0.19234384852683223,-0.06204264636046253
Measles,50% lower,Ages: 70-74,US,-0.010479523456507121,-0.0712667371459621,0.05353446908570575
Measles,50% lower,Ages: 75-79,US,-0.036006723213170784,-0.09877565414297686,0.028535519327053463
Measles,50% lower,Ages: 80-84,US,0.011361982403337184,-0.05368402747416119,0.07485402335454579
Measles,50% lower,Ages: 85+,US,0.060652516483837765,-0.0021343541000326954,0.12574180473402474
Measles,25% lower,Reproductive number,US,0.9469994521134366,0.9381244068458018,0.9559262647220522
Measles,25% lower,Importation rate,US,0.5540852324018064,0.500562216698852,0.6009767368952017
Measles,25% lower,Ages: 0-4,US,-0.6239996712183465,-0.6740892245418316,-0.5728664372014255
Measles,25% lower,Ages: 5-9,US,-0.6250653999617088,-0.6734096878464182,-0.5752483852673819
Measles,25% lower,Ages: 10-14,US,-0.6225469515416274,-0.6723449146531398,-0.5711439695319362
Measles,25% lower,Ages: 15-19,US,-0.5455114296790655,-0.5996355464611922,-0.48806783265148557
Measles,25% lower,Ages: 20-24,US,-0.5573495503734197,-0.6148771897080028,-0.49930102632857587
Measles,25% lower,Ages: 25-29,US,-0.5982207875826024,-0.6445408704114964,-0.554130916175328
Measles,25% lower,Ages: 30-34,US,-0.5522322446530534,-0.6020059411066719,-0.5021952646018137
Measles,25% lower,Ages: 35-39,US,-0.44979816038331083,-0.5081236427251088,-0.39064068683660647
Measles,25% lower,Ages: 40-44,US,-0.3888025795352449,-0.44226245205961023,-0.327552723448817
Measles,25% lower,Ages: 45-49,US,-0.30321739242146134,-0.36489692407560315,-0.23620185414700356
Measles,25% lower,Ages: 50-54,US,-0.27085101189090977,-0.3302491092445645,-0.20576446748226251
Measles,25% lower,Ages: 55-59,US,-0.265301584265852,-0.3317947223448794,-0.1969162360530899
Measles,25% lower,Ages: 60-64,US,-0.16176237482128314,-0.2170971056326954,-0.10174806959851651
Measles,25% lower,Ages: 65-69,US,-0.08870119655139168,-0.15371832822218914,-0.027508558061239335
Measles,25% lower,Ages: 70-74,US,0.011301776253604644,-0.05116946835529125,0.07583506102030341
Measles,25% lower,Ages: 75-79,US,-0.025471616508350597,-0.09267674769442807,0.03741547841028129
Measles,25% lower,Ages: 80-84,US,0.02269503184162368,-0.036392833045464264,0.08486984256134276
Measles,25% lower,Ages: 85+,US,0.05953182505347538,5.329578329955204e-4,0.12000717291917154
Measles,10% lower,Reproductive number,US,0.955876812170319,0.949062749766185,0.9639022441743232
Measles,10% lower,Importation rate,US,0.49845782948356576,0.447206093908745,0.55193449598891
Measles,10% lower,Ages: 0-4,US,-0.701974035416192,-0.7481618943044815,-0.6617571788631404
Measles,10% lower,Ages: 5-9,US,-0.6719347770395696,-0.7197830777156001,-0.628772073734541
Measles,10% lower,Ages: 10-14,US,-0.635569332973706,-0.6913205441449353,-0.5883666184766925
Measles,10% lower,Ages: 15-19,US,-0.5347910717159007,-0.595486155743683,-0.4811342354104534
Measles,10% lower,Ages: 20-24,US,-0.53274688600088,-0.5949793773078178,-0.47378298297759025
Measles,10% lower,Ages: 25-29,US,-0.5636581451399295,-0.6115406352533029,-0.5195145133641544
Measles,10% lower,Ages: 30-34,US,-0.5114562475180331,-0.564409808869295,-0.4650433665864897
Measles,10% lower,Ages: 35-39,US,-0.3707653610564252,-0.4361581521753219,-0.306226385602378
Measles,10% lower,Ages: 40-44,US,-0.30259774370591885,-0.3635016956435526,-0.24868219189080737
Measles,10% lower,Ages: 45-49,US,-0.20299215821701486,-0.26706051353648796,-0.1396270615186747
Measles,10% lower,Ages: 50-54,US,-0.17725449647817987,-0.23914016316444195,-0.11554101970052758
Measles,10% lower,Ages: 55-59,US,-0.16648421345913128,-0.22888552687409902,-0.09750107452782969
Measles,10% lower,Ages: 60-64,US,-0.08566947854847914,-0.1412053360421684,-0.030172533988096023
Measles,10% lower,Ages: 65-69,US,-0.059891258526064875,-0.1168679167375383,5.429455622033563e-4
Measles,10% lower,Ages: 70-74,US,0.024129099709219892,-0.03920601573099586,0.09382762716856134
Measles,10% lower,Ages: 75-79,US,-0.015694726862957635,-0.07934191334504362,0.04195192570795456
Measles,10% lower,Ages: 80-84,US,0.030124791294063282,-0.032945190378069124,0.09228675080326491
Measles,10% lower,Ages: 85+,US,0.050443670296744444,-0.019337656248187285,0.11141075743165932
Measles,Current levels,Reproductive number,US,0.96694591853853,0.962575682131791,0.9715080397585819
Measles,Current levels,Importation rate,US,0.36843574502867094,0.30929604689115214,0.4351687995725898
Measles,Current levels,Ages: 0-4,US,-0.8098760330315438,-0.837667762085632,-0.7848450968063021
Measles,Current levels,Ages: 5-9,US,-0.7429941041021939,-0.77792144290943,-0.7089751505815753
Measles,Current levels,Ages: 10-14,US,-0.6481609810016563,-0.6903747732629876,-0.6037359639816157
Measles,Current levels,Ages: 15-19,US,-0.5000043444297158,-0.55374550918898,-0.4461025007441888
Measles,Current levels,Ages: 20-24,US,-0.4761667929653588,-0.5317302037942047,-0.42129515712371834
Measles,Current levels,Ages: 25-29,US,-0.5031602633227283,-0.5510099148811882,-0.4594081849399937
Measles,Current levels,Ages: 30-34,US,-0.44160702577574135,-0.4933519001837312,-0.38623223836971143
Measles,Current levels,Ages: 35-39,US,-0.24772771781879174,-0.3150391177865418,-0.18950586758160204
Measles,Current levels,Ages: 40-44,US,-0.20153980843091018,-0.2596444314330583,-0.14060739996564542
Measles,Current levels,Ages: 45-49,US,-0.10892980886965711,-0.17445496871938707,-0.039446876526439856
Measles,Current levels,Ages: 50-54,US,-0.10870022294162855,-0.17113504416045033,-0.04674432703500497
Measles,Current levels,Ages: 55-59,US,-0.09877885883304473,-0.16075988128982815,-0.031287756527594246
Measles,Current levels,Ages: 60-64,US,-0.048702121498939883,-0.10797577130086845,0.006981528162024436
Measles,Current levels,Ages: 65-69,US,-0.05174962478550171,-0.11128957418981698,0.012614503007907854
Measles,Current levels,Ages: 70-74,US,0.0060177300844528585,-0.060184569217696535,0.06734871292848776
Measles,Current levels,Ages: 75-79,US,0.0028685708000412606,-0.06389151001568108,0.06707007729830065
Measles,Current levels,Ages: 80-84,US,0.015783482883293346,-0.04550904565746087,0.0760082640581054
Measles,Current levels,Ages: 85+,US,0.029336471460963798,-0.03442495484674529,0.08474204272852728
Measles,10% higher,Reproductive number,US,0.8138311124230757,0.7923157839646011,0.8384914981919523
Measles,10% higher,Importation rate,US,0.7222202776192443,0.6883508019162742,0.7567680396212699
Measles,10% higher,Ages: 0-4,US,-0.35845230488832946,-0.41584429527797556,-0.30551150024294116
Measles,10% higher,Ages: 5-9,US,-0.4955947999923272,-0.5454685967908667,-0.4436888399506119
Measles,10% higher,Ages: 10-14,US,-0.6246256444003069,-0.6627053867301022,-0.5885661048191237
Measles,10% higher,Ages: 15-19,US,-0.5584766264517893,-0.6049089033139513,-0.5134582773740403
Measles,10% higher,Ages: 20-24,US,-0.3690794868592014,-0.4223526379242673,-0.3111505931623574
Measles,10% higher,Ages: 25-29,US,-0.4322662449440143,-0.4838803572239182,-0.3797752216351642
Measles,10% higher,Ages: 30-34,US,-0.39371966914839857,-0.4504746953806281,-0.33808497109919505
Measles,10% higher,Ages: 35-39,US,-0.35948650872038446,-0.4179356804901419,-0.30554215591356804
Measles,10% higher,Ages: 40-44,US,-0.2973805746542779,-0.35702095996654665,-0.23638807778348547
Measles,10% higher,Ages: 45-49,US,-0.25286872060365634,-0.31935945870322213,-0.19036227120243504
Measles,10% higher,Ages: 50-54,US,-0.1969594293473144,-0.2561656484356766,-0.1361830079851193
Measles,10% higher,Ages: 55-59,US,-0.23555057745424682,-0.30375091674113636,-0.17166399823722667
Measles,10% higher,Ages: 60-64,US,-0.1065304522157058,-0.1663797489133974,-0.04362118265991097
Measles,10% higher,Ages: 65-69,US,-0.06244015818285065,-0.12548893338337766,0.001656798209966892
Measles,10% higher,Ages: 70-74,US,0.0020628299325910504,-0.06126489002265605,0.06708371141959832
Measles,10% higher,Ages: 75-79,US,0.00913179137441542,-0.05326336935198085,0.07224204456097218
Measles,10% higher,Ages: 80-84,US,0.02691653438024259,-0.03396662178796952,0.0896364517815273
Measles,10% higher,Ages: 85+,US,0.0459431223785512,-0.014516804731037336,0.10477992866978764
Rubella,No vaccinations,Reproductive number,US,0.9787155018770074,0.9736798141152948,0.9845556929034807
Rubella,No vaccinations,Importation rate,US,0.833262313544485,0.8105151484470472,0.8565547672317808
Rubella,No vaccinations,Ages: 0-4,US,-0.19901362371803485,-0.2633765757278621,-0.12917286272995077
Rubella,No vaccinations,Ages: 5-9,US,-0.1951586399345405,-0.2580315531486401,-0.1336361226930018
Rubella,No vaccinations,Ages: 10-14,US,-0.13212266599052716,-0.18816426647951176,-0.07489096301344592
Rubella,No vaccinations,Ages: 15-19,US,-0.08992877987563891,-0.15099074982103647,-0.030094358801609183
Rubella,No vaccinations,Ages: 20-24,US,-0.05367401102865689,-0.11363056339836995,0.00625927857187189
Rubella,No vaccinations,Ages: 25-29,US,-0.09511173253015907,-0.1569762670669448,-0.03216970728312146
Rubella,No vaccinations,Ages: 30-34,US,-0.037422587155693195,-0.10169633716957152,0.018799263071192174
Rubella,No vaccinations,Ages: 35-39,US,-0.0051891706263430485,-0.06217595005565195,0.060762344233372775
Rubella,No vaccinations,Ages: 40-44,US,0.010158623591184067,-0.04904004392076361,0.07598335800655517
Rubella,No vaccinations,Ages: 45-49,US,0.12398789869664188,0.058112829686694206,0.1865334028347439
Rubella,No vaccinations,Ages: 50-54,US,0.07766111851003628,0.019801023508239896,0.14366837767951296
Rubella,No vaccinations,Ages: 55-59,US,0.11044910798211773,0.04745617388246218,0.17062602414827124
Rubella,No vaccinations,Ages: 60-64,US,0.09008675802083269,0.013969591756810229,0.16168014432896247
Rubella,No vaccinations,Ages: 65-69,US,0.1160872062059401,0.0483932801081455,0.18305914378863478
Rubella,No vaccinations,Ages: 70-74,US,0.056102543808238696,-0.0147387888189726,0.1261458707875446
Rubella,No vaccinations,Ages: 75-79,US,0.06561689251456007,0.0011381095092505011,0.13077674461321367
Rubella,No vaccinations,Ages: 80-84,US,0.08456112543578173,0.025443964858199747,0.14577133635651202
Rubella,No vaccinations,Ages: 85+,US,0.06445438930200915,0.003483974967327691,0.12790777389016048
Rubella,75% lower,Reproductive number,US,0.9761826375250536,0.9707146857740019,0.9824974707639179
Rubella,75% lower,Importation rate,US,0.8269293973765652,0.8035339174702619,0.8467738393829257
Rubella,75% lower,Ages: 0-4,US,-0.18221437442077418,-0.24780637399871328,-0.1054951225852257
Rubella,75% lower,Ages: 5-9,US,-0.17669904058614525,-0.2392855999558655,-0.11375942068598707
Rubella,75% lower,Ages: 10-14,US,-0.11494474744556786,-0.16999096645284414,-0.0553144613632858
Rubella,75% lower,Ages: 15-19,US,-0.06643694497094055,-0.12868128463182232,-0.004718114356367126
Rubella,75% lower,Ages: 20-24,US,-0.015671433292763784,-0.07214551516938748,0.04541574896917093
Rubella,75% lower,Ages: 25-29,US,-0.06628595030222977,-0.13079192756325278,-0.002693340101727393
Rubella,75% lower,Ages: 30-34,US,-0.006273459405213748,-0.06605703669464709,0.05645029951340358
Rubella,75% lower,Ages: 35-39,US,0.025947725970280947,-0.03433695552481863,0.09277337343326963
Rubella,75% lower,Ages: 40-44,US,0.03011985594378145,-0.03513169588804348,0.09434433976773432
Rubella,75% lower,Ages: 45-49,US,0.14670264692861512,0.07943363750993732,0.21235616379105338
Rubella,75% lower,Ages: 50-54,US,0.10689169538729032,0.04472376360522154,0.16417688422590912
Rubella,75% lower,Ages: 55-59,US,0.1358725480493395,0.07528071071118414,0.19635006006042216
Rubella,75% lower,Ages: 60-64,US,0.11921192492290404,0.04550475375009677,0.18927483759382227
Rubella,75% lower,Ages: 65-69,US,0.12503690368963896,0.062354402565130196,0.19234001117569885
Rubella,75% lower,Ages: 70-74,US,0.07303577904734891,-2.8741521553021787e-5,0.13997842529836638
Rubella,75% lower,Ages: 75-79,US,0.062064023549302856,-0.002420448883028961,0.13104686997267304
Rubella,75% lower,Ages: 80-84,US,0.0768782879291952,0.010711921524881957,0.14226128699691734
Rubella,75% lower,Ages: 85+,US,0.05985742645483361,-0.006758669122258559,0.1236986330454382
Rubella,50% lower,Reproductive number,US,0.985356658677796,0.9824505775034889,0.9883299613611023
Rubella,50% lower,Importation rate,US,0.8282231348499808,0.808199794441495,0.8492542867680893
Rubella,50% lower,Ages: 0-4,US,-0.2780192826873556,-0.3375730261803225,-0.20837753506130907
Rubella,50% lower,Ages: 5-9,US,-0.18604809726071217,-0.25023921219774636,-0.12311465743770947
Rubella,50% lower,Ages: 10-14,US,-0.08790470665333353,-0.14746422018314168,-0.025984066147841295
Rubella,50% lower,Ages: 15-19,US,-0.022830338622503814,-0.07691371357425196,0.03583784911033725
Rubella,50% lower,Ages: 20-24,US,0.027311400034777406,-0.0362282985028017,0.08581552062053913
Rubella,50% lower,Ages: 25-29,US,-0.017481732264638446,-0.09035367163634428,0.04970214124452229
Rubella,50% lower,Ages: 30-34,US,0.050269281130217024,-0.01067049487414104,0.11220962820106886
Rubella,50% lower,Ages: 35-39,US,0.08608084273382532,0.026989375652827385,0.14667576133806084
Rubella,50% lower,Ages: 40-44,US,0.07971733856789319,0.014961874026808458,0.14301781389089707
Rubella,50% lower,Ages: 45-49,US,0.17295582299007342,0.10973718777738231,0.23780752660789015
Rubella,50% lower,Ages: 50-54,US,0.1314405743736709,0.07331440926183855,0.19333649019022928
Rubella,50% lower,Ages: 55-59,US,0.1399747461937208,0.07479548726240817,0.20298097115721622
Rubella,50% lower,Ages: 60-64,US,0.14308458776000363,0.06871794536012973,0.21271977395039024
Rubella,50% lower,Ages: 65-69,US,0.13708874898887313,0.07530466655898457,0.2015535053411171
Rubella,50% lower,Ages: 70-74,US,0.06593911551098555,-0.006768819648375807,0.1342789672541347
Rubella,50% lower,Ages: 75-79,US,0.05076770907875951,-0.016399586717379233,0.11924203741765867
Rubella,50% lower,Ages: 80-84,US,0.0919350454334384,0.02659468087196487,0.1526198672732568
Rubella,50% lower,Ages: 85+,US,0.06504797063486904,0.0011827244966707284,0.1254273467952651
Rubella,25% lower,Reproductive number,US,0.9637084043963828,0.9587508346581357,0.969139814899479
Rubella,25% lower,Importation rate,US,0.8045090596370595,0.7844832791891493,0.8243003077796984
Rubella,25% lower,Ages: 0-4,US,-0.2865024295902137,-0.3496994687184817,-0.23204675969389127
Rubella,25% lower,Ages: 5-9,US,-0.09051876097160777,-0.14554547162015513,-0.029825006532436416
Rubella,25% lower,Ages: 10-14,US,-0.053110276875868875,-0.11319499694746929,0.001783398319076146
Rubella,25% lower,Ages: 15-19,US,0.014311393501577134,-0.05449259518243674,0.07444974788085501
Rubella,25% lower,Ages: 20-24,US,0.05574474611542807,-0.006392560712417492,0.12112169087906237
Rubella,25% lower,Ages: 25-29,US,-0.004193463237139146,-0.06373601386739554,0.052528457027623966
Rubella,25% lower,Ages: 30-34,US,0.06855019070526164,0.00822192776523184,0.12658835781694389
Rubella,25% lower,Ages: 35-39,US,0.03997973837527111,-0.020297871352689373,0.09856276561230787
Rubella,25% lower,Ages: 40-44,US,0.055624987609872265,-0.00524788807710122,0.11842782539517445
Rubella,25% lower,Ages: 45-49,US,0.1386410621605445,0.07693517693292401,0.19742772203991651
Rubella,25% lower,Ages: 50-54,US,0.0908606916960133,0.024786370238802202,0.15633403039052735
Rubella,25% lower,Ages: 55-59,US,0.1528207262026734,0.09494633493119375,0.21333157012116305
Rubella,25% lower,Ages: 60-64,US,0.15462517170008977,0.0945371791518913,0.22156048221571614
Rubella,25% lower,Ages: 65-69,US,0.06630346320443346,-6.834443612664942e-4,0.12488109121354549
Rubella,25% lower,Ages: 70-74,US,0.11063820846288194,0.04597949789611658,0.17329623413061962
Rubella,25% lower,Ages: 75-79,US,0.05822403582633599,-0.002536022829240356,0.12251947071643653
Rubella,25% lower,Ages: 80-84,US,0.08131911075165446,0.02408342281745593,0.14777937583794645
Rubella,25% lower,Ages: 85+,US,0.04565891552726021,-0.012934854265427773,0.10684885740599863
Rubella,10% lower,Reproductive number,US,0.8713191275383361,0.855016931862551,0.8863641174418362
Rubella,10% lower,Importation rate,US,0.982905483509871,0.9802693559101199,0.9859409542951035
Rubella,10% lower,Ages: 0-4,US,-0.1653308519034786,-0.23294864549707398,-0.10650624044348969
Rubella,10% lower,Ages: 5-9,US,-0.09046882689341222,-0.15552824995818443,-0.029169892579099577
Rubella,10% lower,Ages: 10-14,US,0.011158016790877008,-0.05384729956555169,0.07419687412034638
Rubella,10% lower,Ages: 15-19,US,0.03389714188760091,-0.03180909219165266,0.09423593369508235
Rubella,10% lower,Ages: 20-24,US,0.12183388271094185,0.057441463916698327,0.19093504972646383
Rubella,10% lower,Ages: 25-29,US,0.049430887819857744,-0.014142535556534289,0.11121170189966606
Rubella,10% lower,Ages: 30-34,US,0.09438080057478455,0.024393356662808424,0.16182359715886444
Rubella,10% lower,Ages: 35-39,US,0.13619596523023447,0.07800931800848787,0.19382541391429667
Rubella,10% lower,Ages: 40-44,US,0.1351095008744717,0.0731955581605154,0.1942777512031318
Rubella,10% lower,Ages: 45-49,US,0.23661892622980468,0.17521408012505296,0.29680955782232477
Rubella,10% lower,Ages: 50-54,US,0.30505392698235617,0.24289436685031313,0.36676178913363366
Rubella,10% lower,Ages: 55-59,US,0.2716456369658408,0.21356732234415426,0.331141471192073
Rubella,10% lower,Ages: 60-64,US,0.3462956633190456,0.28327700775575004,0.40172374119743104
Rubella,10% lower,Ages: 65-69,US,0.32887901318368934,0.26688683196059254,0.3886179809872611
Rubella,10% lower,Ages: 70-74,US,0.23365138915848072,0.17652096663681377,0.2942600370552327
Rubella,10% lower,Ages: 75-79,US,0.17913515825898596,0.11249728430756398,0.24735497026650471
Rubella,10% lower,Ages: 80-84,US,0.17631396950453845,0.109004919569169,0.24363120848930253
Rubella,10% lower,Ages: 85+,US,0.1675245788835072,0.10760738222837238,0.2311794660616045
Rubella,Current levels,Reproductive number,US,0.8262071806855973,0.8070130618726727,0.8454478170456365
Rubella,Current levels,Importation rate,US,0.9941760443013314,0.9934473764864964,0.994931395824133
Rubella,Current levels,Ages: 0-4,US,-0.273652805753603,-0.33182690154866346,-0.21343576421846283
Rubella,Current levels,Ages: 5-9,US,-0.234381614689214,-0.3006458259213003,-0.17601527300924358
Rubella,Current levels,Ages: 10-14,US,-0.15124344724480296,-0.2141605739316456,-0.08833374918925327
Rubella,Current levels,Ages: 15-19,US,-0.1256576248542437,-0.1855403596995059,-0.06498092309636538
Rubella,Current levels,Ages: 20-24,US,-0.03790615807434823,-0.10308315569993938,0.02335895139253237
Rubella,Current levels,Ages: 25-29,US,-0.052316127794647393,-0.11909536470852161,0.0020698015859512142
Rubella,Current levels,Ages: 30-34,US,-0.04657917127318493,-0.11058657128375163,0.01642914520567676
Rubella,Current levels,Ages: 35-39,US,0.03106733720408128,-0.030800177508802193,0.09332012302229768
Rubella,Current levels,Ages: 40-44,US,0.043602194285841375,-0.021576976969326117,0.10210452657297976
Rubella,Current levels,Ages: 45-49,US,0.14448388024354122,0.08277229398443148,0.2038522784723455
Rubella,Current levels,Ages: 50-54,US,0.2849843082285684,0.22890155652129907,0.3483229364587852
Rubella,Current levels,Ages: 55-59,US,0.2962660473752803,0.23708992266769385,0.35861110563641574
Rubella,Current levels,Ages: 60-64,US,0.3561668430275711,0.3010530936639718,0.41285195982535894
Rubella,Current levels,Ages: 65-69,US,0.43112733052700125,0.3772818236413425,0.48470916273075365
Rubella,Current levels,Ages: 70-74,US,0.33126905741804696,0.2705919394787662,0.3883452676846107
Rubella,Current levels,Ages: 75-79,US,0.30064674085460263,0.24004852740034976,0.35736416636500745
Rubella,Current levels,Ages: 80-84,US,0.2480265001077625,0.18287520400393692,0.30992221871196407
Rubella,Current levels,Ages: 85+,US,0.24419779677133582,0.18164345825089173,0.3017233476698843
Rubella,10% higher,Reproductive number,US,0.7325031080664822,0.7052634541754634,0.7625783749294536
Rubella,10% higher,Importation rate,US,0.9957452440156489,0.9952176721173978,0.9963367046520523
Rubella,10% higher,Ages: 0-4,US,-0.38879423020848675,-0.4412079276232375,-0.3354407668738812
Rubella,10% higher,Ages: 5-9,US,-0.43203289910126985,-0.484711902633151,-0.3823433963480901
Rubella,10% higher,Ages: 10-14,US,-0.4317163200764082,-0.4965426747748404,-0.3796311484957204
Rubella,10% higher,Ages: 15-19,US,-0.4370064911944463,-0.49425777723664127,-0.3871513804286821
Rubella,10% higher,Ages: 20-24,US,-0.3375710731521545,-0.39660482038805506,-0.27737266456011045
Rubella,10% higher,Ages: 25-29,US,-0.3046716963585788,-0.3574625580586329,-0.2535051547090029
Rubella,10% higher,Ages: 30-34,US,-0.33183283597334867,-0.39541182164654404,-0.27328707094365706
Rubella,10% higher,Ages: 35-39,US,-0.2887480188625828,-0.3491905982365284,-0.2344720691533076
Rubella,10% higher,Ages: 40-44,US,-0.21954584928846949,-0.282041047089969,-0.1565915472291564
Rubella,10% higher,Ages: 45-49,US,-0.1557507148012888,-0.21735648676794617,-0.09386290921507748
Rubella,10% higher,Ages: 50-54,US,0.03593313730486338,-0.026045465334350967,0.09501244342837542
Rubella,10% higher,Ages: 55-59,US,0.12320485276443555,0.05915369884022112,0.18224938887782222
Rubella,10% higher,Ages: 60-64,US,0.1965023487411319,0.14261174736253168,0.25851333007953736
Rubella,10% higher,Ages: 65-69,US,0.3515790710388732,0.29891233219012686,0.4047026428761589
Rubella,10% higher,Ages: 70-74,US,0.31383151571375845,0.25632163522551676,0.3677983089587479
Rubella,10% higher,Ages: 75-79,US,0.26146977333775584,0.1990569372686421,0.32429363099868275
Rubella,10% higher,Ages: 80-84,US,0.25927494320271244,0.19517065220814972,0.32137429277262264
Rubella,10% higher,Ages: 85+,US,0.24916617367327842,0.1889241043069696,0.30910814810826487
Diphtheria,No vaccinations,Reproductive number,US,0.9538296127879234,0.9480220217800783,0.9605341407388136
Diphtheria,No vaccinations,Importation rate,US,0.6086621116913641,0.5720656892190953,0.6464306406861462
Diphtheria,No vaccinations,Ages: 0-4,US,-0.07116797834132095,-0.1342976943122012,-0.005309679579186127
Diphtheria,No vaccinations,Ages: 5-9,US,-0.04308806508529609,-0.10588578744296698,0.01664217446041731
Diphtheria,No vaccinations,Ages: 10-14,US,-0.06417729911117828,-0.12480480612192574,-0.0015973031816841343
Diphtheria,No vaccinations,Ages: 15-19,US,-0.03281598606390824,-0.0954425121051009,0.02879784537105895
Diphtheria,No vaccinations,Ages: 20-24,US,-0.04859103256573428,-0.11092422826119673,0.012024784838628927
Diphtheria,No vaccinations,Ages: 25-29,US,0.009432600750121308,-0.05420214178637591,0.0687249868522021
Diphtheria,No vaccinations,Ages: 30-34,US,-0.04806213053575328,-0.10951125289379171,0.015280458463383079
Diphtheria,No vaccinations,Ages: 35-39,US,-0.03395827513061406,-0.09940354704406364,0.02522344485679437
Diphtheria,No vaccinations,Ages: 40-44,US,0.031203255364661592,-0.03838171319587305,0.09746467369791162
Diphtheria,No vaccinations,Ages: 45-49,US,-0.023715891075742093,-0.08240574764441139,0.0462974999108842
Diphtheria,No vaccinations,Ages: 50-54,US,-2.726502257635214e-4,-0.06547028966300215,0.06739599257636862
Diphtheria,No vaccinations,Ages: 55-59,US,-0.0503526838496546,-0.1162344524649556,0.013722978185122872
Diphtheria,No vaccinations,Ages: 60-64,US,0.0042402761398737145,-0.054975587694794235,0.06708703591008758
Diphtheria,No vaccinations,Ages: 65-69,US,-0.02188687586246606,-0.09001118530467431,0.044738921096751476
Diphtheria,No vaccinations,Ages: 70-74,US,-0.023189970624858773,-0.08650011884109121,0.039924434206788414
Diphtheria,No vaccinations,Ages: 75-79,US,0.03286585622248749,-0.02961878813495669,0.09352385560558923
Diphtheria,No vaccinations,Ages: 80-84,US,0.017207973215240112,-0.041782844186743856,0.0808723282877575
Diphtheria,No vaccinations,Ages: 85+,US,-0.001809638511821748,-0.06029507498754464,0.055713662680660345
Diphtheria,No vaccinations,Vaccine-reduced transmission,US,-0.3975805774010884,-0.44982376775501876,-0.3453135684362853
Diphtheria,75% lower,Reproductive number,US,0.9648777526463758,0.9600203879686209,0.9697802731411993
Diphtheria,75% lower,Importation rate,US,0.48254686672440555,0.4363488416458772,0.5328310485844029
Diphtheria,75% lower,Ages: 0-4,US,-0.03928978959544568,-0.09778287173028338,0.01751294642389313
Diphtheria,75% lower,Ages: 5-9,US,-0.09250406307448408,-0.15502740130269196,-0.03243110088983611
Diphtheria,75% lower,Ages: 10-14,US,-0.058161709719088794,-0.1214450227994756,-0.00281506306482171
Diphtheria,75% lower,Ages: 15-19,US,-0.024414258946741353,-0.08915735578289512,0.04148889921437822
Diphtheria,75% lower,Ages: 20-24,US,-0.05283661237633678,-0.1139855562109445,0.01017206637147422
Diphtheria,75% lower,Ages: 25-29,US,-0.01817742371828942,-0.08565952103703267,0.04784255425565616
Diphtheria,75% lower,Ages: 30-34,US,-0.04850861291008451,-0.10815674971514233,0.011935475686093336
Diphtheria,75% lower,Ages: 35-39,US,0.007354151437151481,-0.05734359219003735,0.07384062857812781
Diphtheria,75% lower,Ages: 40-44,US,0.058785519035763414,-0.007899179379040444,0.12213802847721703
Diphtheria,75% lower,Ages: 45-49,US,-0.06759521731467465,-0.1322613246809541,-0.0035454180797696855
Diphtheria,75% lower,Ages: 50-54,US,-0.014532882488007905,-0.07633096282707137,0.04662676696045188
Diphtheria,75% lower,Ages: 55-59,US,-0.018736231393598368,-0.08756597487664478,0.038939697582189986
Diphtheria,75% lower,Ages: 60-64,US,-0.020355252364097444,-0.08235716786465927,0.042078141428143534
Diphtheria,75% lower,Ages: 65-69,US,-0.01123136859453721,-0.08323746239878134,0.05198806673591591
Diphtheria,75% lower,Ages: 70-74,US,0.029813901183068967,-0.028426888387156665,0.09400357876710441
Diphtheria,75% lower,Ages: 75-79,US,-0.05836586769362012,-0.12367974278892939,0.003389558268098433
Diphtheria,75% lower,Ages: 80-84,US,0.014922367301228192,-0.047568557599270464,0.07904801237117046
Diphtheria,75% lower,Ages: 85+,US,0.0021135513743764543,-0.06436916994556578,0.06674920332832959
Diphtheria,75% lower,Vaccine-reduced transmission,US,-0.4694651784023613,-0.5195401087386955,-0.4222899757398558
Diphtheria,50% lower,Reproductive number,US,0.9678086826875056,0.9634931282709632,0.9726357505854584
Diphtheria,50% lower,Importation rate,US,0.43203602740570285,0.38030997906253683,0.4801926361393008
Diphtheria,50% lower,Ages: 0-4,US,-0.06818516780850674,-0.1293842780072826,-0.009543243433420112
Diphtheria,50% lower,Ages: 5-9,US,-0.0353118722264926,-0.09612239120101014,0.027768106665876854
Diphtheria,50% lower,Ages: 10-14,US,-0.045964337350836854,-0.10465919255984357,0.017489993116676372
Diphtheria,50% lower,Ages: 15-19,US,-0.0344580275615555,-0.10119400766460157,0.028629000778197758
Diphtheria,50% lower,Ages: 20-24,US,-0.04412355164498744,-0.10628823401801892,0.020626220894909272
Diphtheria,50% lower,Ages: 25-29,US,0.0019487184837509754,-0.0593355699281019,0.0648221608498214
Diphtheria,50% lower,Ages: 30-34,US,-0.03346811296717946,-0.08643510253137829,0.027482945693382707
Diphtheria,50% lower,Ages: 35-39,US,-0.011317055270267678,-0.07186889852099242,0.059118555688316074
Diphtheria,50% lower,Ages: 40-44,US,9.785749788354186e-4,-0.059376224456939145,0.057787930959651485
Diphtheria,50% lower,Ages: 45-49,US,-5.819436484440037e-4,-0.06105247595498637,0.057393870963766976
Diphtheria,50% lower,Ages: 50-54,US,-0.09903450110332272,-0.16426847010603712,-0.035682042228520894
Diphtheria,50% lower,Ages: 55-59,US,0.02414309441819706,-0.04123430574904063,0.08676956218933676
Diphtheria,50% lower,Ages: 60-64,US,0.022746681704641725,-0.04398547687195309,0.08446513706418987
Diphtheria,50% lower,Ages: 65-69,US,-0.03163507317955878,-0.10089816737681045,0.03430046837642382
Diphtheria,50% lower,Ages: 70-74,US,-0.014421008318247337,-0.07496054242317775,0.04895414266195397
Diphtheria,50% lower,Ages: 75-79,US,-0.01160471669862681,-0.07802352703219853,0.048278340337287215
Diphtheria,50% lower,Ages: 80-84,US,-0.0033839201501608598,-0.07028505340237677,0.05216506714210714
Diphtheria,50% lower,Ages: 85+,US,0.013978255328375466,-0.04406162882127333,0.07263850054028086
Diphtheria,50% lower,Vaccine-reduced transmission,US,-0.6107979434736236,-0.6470189490267745,-0.5757951946101432
Diphtheria,25% lower,Reproductive number,US,0.8815288916471025,0.8688139863682001,0.896595531744388
Diphtheria,25% lower,Importation rate,US,0.7205909584038813,0.689986575973658,0.7482374333720676
Diphtheria,25% lower,Ages: 0-4,US,-0.017878172614055516,-0.08534667035135209,0.046407843035747805
Diphtheria,25% lower,Ages: 5-9,US,-0.08819622958274406,-0.14923144484727718,-0.02794276227272488
Diphtheria,25% lower,Ages: 10-14,US,-0.06835047116489608,-0.12803915414936226,-0.008832405330684162
Diphtheria,25% lower,Ages: 15-19,US,-0.09678704134643414,-0.16094804190118098,-0.035462781354310524
Diphtheria,25% lower,Ages: 20-24,US,0.055330641816552645,-0.0058473646546656766,0.12078724583975428
Diphtheria,25% lower,Ages: 25-29,US,-0.0022407475538818947,-0.06804757510332958,0.06291466183994367
Diphtheria,25% lower,Ages: 30-34,US,0.014120232751414297,-0.05055805553724742,0.08136889847973984
Diphtheria,25% lower,Ages: 35-39,US,0.026592227003353352,-0.03428631098771636,0.08685898511047815
Diphtheria,25% lower,Ages: 40-44,US,0.011615655813481732,-0.053155297273792874,0.07664600453148965
Diphtheria,25% lower,Ages: 45-49,US,0.0021797330678596507,-0.06458196753415736,0.07100844450741596
Diphtheria,25% lower,Ages: 50-54,US,-0.018182486611288,-0.08408447164922597,0.046894401786470426
Diphtheria,25% lower,Ages: 55-59,US,0.016607298216056565,-0.04801393359554685,0.07575476496623496
Diphtheria,25% lower,Ages: 60-64,US,-0.02790784336810615,-0.09265831027445878,0.034449993931943534
Diphtheria,25% lower,Ages: 65-69,US,0.0171317439184261,-0.044740207061953356,0.07887788530421105
Diphtheria,25% lower,Ages: 70-74,US,0.0525920254433761,-0.012846205860222198,0.11194988159431397
Diphtheria,25% lower,Ages: 75-79,US,0.03387287769271507,-0.02557609346046455,0.09750226292326936
Diphtheria,25% lower,Ages: 80-84,US,0.015726951561414817,-0.04800089553327561,0.07562174021150395
Diphtheria,25% lower,Ages: 85+,US,0.0017071323082931903,-0.06055026948752337,0.061536610514897214
Diphtheria,25% lower,Vaccine-reduced transmission,US,-0.5298086697495981,-0.5743074768717764,-0.4867061663663429
Diphtheria,10% lower,Reproductive number,US,0.8213717868239779,0.8020687251283309,0.8416452966104272
Diphtheria,10% lower,Importation rate,US,0.8567869336728596,0.838180691875257,0.8763644840810465
Diphtheria,10% lower,Ages: 0-4,US,-0.07318550999648066,-0.1364842916715902,-0.0037724554141116418
Diphtheria,10% lower,Ages: 5-9,US,-0.09889238359644216,-0.16050999686861228,-0.04042235267637864
Diphtheria,10% lower,Ages: 10-14,US,-0.10958860328626804,-0.1631375607856425,-0.05502574903401261
Diphtheria,10% lower,Ages: 15-19,US,-0.10281265029922101,-0.16360360145171754,-0.04752925856772702
Diphtheria,10% lower,Ages: 20-24,US,0.004656559470097017,-0.0538704274948475,0.0692779125550239
Diphtheria,10% lower,Ages: 25-29,US,-0.0019190692731276269,-0.063536325982348,0.06281272398453934
Diphtheria,10% lower,Ages: 30-34,US,-0.053428605383806456,-0.11501866572915043,0.01083221587815486
Diphtheria,10% lower,Ages: 35-39,US,-0.0378592927111712,-0.10023201473929244,0.018932490759901124
Diphtheria,10% lower,Ages: 40-44,US,-0.025619117171630137,-0.09110516775398525,0.036248442951410734
Diphtheria,10% lower,Ages: 45-49,US,0.03194083553837545,-0.03444222411576259,0.10106625165758992
Diphtheria,10% lower,Ages: 50-54,US,-0.053119988119185425,-0.11403419008414742,0.006718592778288721
Diphtheria,10% lower,Ages: 55-59,US,-0.007850530215677165,-0.07715675106885353,0.06149243744154931
Diphtheria,10% lower,Ages: 60-64,US,0.01832270091234406,-0.04182606706405982,0.0830304591292813
Diphtheria,10% lower,Ages: 65-69,US,-0.03659845769417446,-0.09790353962048688,0.0316805850081887
Diphtheria,10% lower,Ages: 70-74,US,0.0344706323465305,-0.025595061142811723,0.0983537828634182
Diphtheria,10% lower,Ages: 75-79,US,-0.016753618223380208,-0.07868240534810744,0.03743590668334877
Diphtheria,10% lower,Ages: 80-84,US,0.026519953151969682,-0.03588806719726307,0.09143717095791246
Diphtheria,10% lower,Ages: 85+,US,0.031667788208464526,-0.02896968359015621,0.09730599190060296
Diphtheria,10% lower,Vaccine-reduced transmission,US,-0.6014690395857082,-0.6460226855819999,-0.5578907910821399
Diphtheria,Current levels,Reproductive number,US,0.8160449589040247,0.7980513984076117,0.8342088544369113
Diphtheria,Current levels,Importation rate,US,0.9147698568665421,0.9048593820264225,0.9261393306041551
Diphtheria,Current levels,Ages: 0-4,US,-0.03505344036778847,-0.09956533126333993,0.02298847090499713
Diphtheria,Current levels,Ages: 5-9,US,-0.04781573985486896,-0.11156535680986006,0.021568629333742248
Diphtheria,Current levels,Ages: 10-14,US,-0.13921938015154028,-0.19862498065890827,-0.08229596077715381
Diphtheria,Current levels,Ages: 15-19,US,-0.10525314121964785,-0.16963058295136138,-0.0443096319304615
Diphtheria,Current levels,Ages: 20-24,US,0.03322074694802959,-0.027968757483301465,0.0995529100402461
Diphtheria,Current levels,Ages: 25-29,US,-0.008451527461619514,-0.06853983067194869,0.051457641348114994
Diphtheria,Current levels,Ages: 30-34,US,-0.05128362561871403,-0.11439931204077351,0.012181936200273899
Diphtheria,Current levels,Ages: 35-39,US,-0.03782633073686164,-0.10147337873884237,0.02732880022399241
Diphtheria,Current levels,Ages: 40-44,US,0.021455923916638156,-0.0452977842874915,0.08890292888020088
Diphtheria,Current levels,Ages: 45-49,US,-0.026873969938168676,-0.09585437285844053,0.039137419361084565
Diphtheria,Current levels,Ages: 50-54,US,-0.07213980125967137,-0.13307286410210561,-0.008822923514811815
Diphtheria,Current levels,Ages: 55-59,US,-0.0012652326550549838,-0.061336165551070666,0.059194415658684836
Diphtheria,Current levels,Ages: 60-64,US,0.03433584542522522,-0.032615324270453536,0.0955456303001713
Diphtheria,Current levels,Ages: 65-69,US,-0.010029567370587158,-0.07586967483203386,0.05359733240522232
Diphtheria,Current levels,Ages: 70-74,US,-0.006985565452681674,-0.07068693618965917,0.057568551345250366
Diphtheria,Current levels,Ages: 75-79,US,-0.010363183278221482,-0.07317121647844517,0.0523962895583975
Diphtheria,Current levels,Ages: 80-84,US,-0.011913100251026845,-0.07210780436573322,0.0543599990579245
Diphtheria,Current levels,Ages: 85+,US,0.04040457468031024,-0.02206197977858461,0.10384423674279626
Diphtheria,Current levels,Vaccine-reduced transmission,US,-0.6550641277257313,-0.6896633333606659,-0.618531448868552
Diphtheria,10% higher,Reproductive number,US,0.7818935954567084,0.7608937598617715,0.8032394234762747
Diphtheria,10% higher,Importation rate,US,0.9269475545289914,0.9176949139831045,0.93646584258441945
Diphtheria,10% higher,Ages: 0-4,US,-0.05925594659348226,-0.1222635593396065,0.0045981754881656844
Diphtheria,10% higher,Ages: 5-9,US,-0.05172804776765613,-0.11377293871908223,0.007363166647029837
Diphtheria,10% higher,Ages: 10-14,US,-0.10966232404657303,-0.1662903822683827,-0.050394452452480476
Diphtheria,10% higher,Ages: 15-19,US,-0.0746213521077176,-0.14223747253648517,-0.005122199016575846
Diphtheria,10% higher,Ages: 20-24,US,-0.015365857662113864,-0.07883024740809572,0.0454946252761697
Diphtheria,10% higher,Ages: 25-29,US,0.0030058999970257556,-0.06893501496956493,0.06488506340838868
Diphtheria,10% higher,Ages: 30-34,US,-0.07177452599166972,-0.1324563854737978,-0.012251974501798046
Diphtheria,10% higher,Ages: 35-39,US,-0.037306198595691176,-0.09970634174129284,0.027435914753223822
Diphtheria,10% higher,Ages: 40-44,US,-0.07293255691970066,-0.13105276348860348,-0.006827965692907029
Diphtheria,10% higher,Ages: 45-49,US,0.009547761770730948,-0.05324282284410861,0.07474387052579466
Diphtheria,10% higher,Ages: 50-54,US,-0.07561380179074755,-0.13674142097281217,-0.02145191260173898
Diphtheria,10% higher,Ages: 55-59,US,0.005311188520615903,-0.05593581567196606,0.06703420847491877
Diphtheria,10% higher,Ages: 60-64,US,0.0044531029985929805,-0.05621625076506212,0.07125791581329026
Diphtheria,10% higher,Ages: 65-69,US,-0.021695904356370366,-0.08965313467414004,0.04750621260857235
Diphtheria,10% higher,Ages: 70-74,US,-0.015747481313731045,-0.08072737199576448,0.04656510088258831
Diphtheria,10% higher,Ages: 75-79,US,-0.03703049577820408,-0.09875880919829524,0.02461960905807166
Diphtheria,10% higher,Ages: 80-84,US,0.006868906495272843,-0.05216659690710965,0.06355040993850737
Diphtheria,10% higher,Ages: 85+,US,0.042898347487402386,-0.020350379949735806,0.1105293414510563
Diphtheria,10% higher,Vaccine-reduced transmission,US,-0.6718839820007202,-0.705402511387776,-0.6400400056806903
Polio,No vaccinations,Reproductive number,US,0.8854091238192668,0.8719340990712259,0.8995519155828664
Polio,No vaccinations,Importation rate,US,0.8708247893147473,0.8578791771562194,0.8856979777419742
Polio,No vaccinations,Ages: 0-4,US,-0.047840575668635574,-0.10807152920446789,0.007655553528494896
Polio,No vaccinations,Ages: 5-9,US,-0.11107096352607737,-0.17300485447213185,-0.051557932206767715
Polio,No vaccinations,Ages: 10-14,US,-0.10299023572251104,-0.16099997546139322,-0.037102539565487674
Polio,No vaccinations,Ages: 15-19,US,-0.03267135089988658,-0.09892848135135002,0.029684714130682494
Polio,No vaccinations,Ages: 20-24,US,0.023811583872601155,-0.039065104616432145,0.08356069019742592
Polio,No vaccinations,Ages: 25-29,US,-0.006144929870190847,-0.07222700944733498,0.058063411542359715
Polio,No vaccinations,Ages: 30-34,US,0.02351935439591858,-0.03620971021062804,0.08960528848114871
Polio,No vaccinations,Ages: 35-39,US,0.008524618466999423,-0.05257215159329663,0.07130196174421996
Polio,No vaccinations,Ages: 40-44,US,-0.0038850642717642506,-0.07110654435803039,0.05590504132158712
Polio,No vaccinations,Ages: 45-49,US,0.03991295097874031,-0.025431301562760605,0.10366425933209669
Polio,No vaccinations,Ages: 50-54,US,-0.006992084771983544,-0.0715212244648723,0.050267999613775316
Polio,No vaccinations,Ages: 55-59,US,-0.0406026466248328,-0.10833293417782378,0.026546419249062467
Polio,No vaccinations,Ages: 60-64,US,-0.03170590005024729,-0.09795000406109343,0.035099614034985654
Polio,No vaccinations,Ages: 65-69,US,0.01461426773910948,-0.049597723461727736,0.0699485115214288
Polio,No vaccinations,Ages: 70-74,US,-0.0419259900314399,-0.10313270814388506,0.017143845647213204
Polio,No vaccinations,Ages: 75-79,US,0.10466156009513165,0.04539385090438744,0.16755254912541817
Polio,No vaccinations,Ages: 80-84,US,0.04745514388101737,-0.019323733264850665,0.11192934529603715
Polio,No vaccinations,Ages: 85+,US,-0.025284387407112145,-0.08518095850961312,0.03581955994818798
Polio,No vaccinations,Vaccine-reduced transmission,US,-0.32974556442068115,-0.3873246545566858,-0.2729528974505025
Polio,75% lower,Reproductive number,US,0.9132486787613534,0.9030252624877079,0.9241374580237126
Polio,75% lower,Importation rate,US,0.8443739987096406,0.8290166979872597,0.8612156082591662
Polio,75% lower,Ages: 0-4,US,-0.08947422718324378,-0.14277109530754056,-0.026025776381784577
Polio,75% lower,Ages: 5-9,US,-0.13205619824477857,-0.190143590863173,-0.07527553860417799
Polio,75% lower,Ages: 10-14,US,-0.045314687930162356,-0.10368679325602118,0.02063961675033288
Polio,75% lower,Ages: 15-19,US,0.005705817961749327,-0.05928689611712171,0.06672598458251684
Polio,75% lower,Ages: 20-24,US,-0.037249261366137466,-0.10043152521647258,0.0238773821447745
Polio,75% lower,Ages: 25-29,US,-0.04144025557268223,-0.10641286505273301,0.024972429112508965
Polio,75% lower,Ages: 30-34,US,-0.013440128861218667,-0.07411216433317387,0.052277094164081606
Polio,75% lower,Ages: 35-39,US,-0.0439016233375302,-0.10554625650891938,0.012362354843266116
Polio,75% lower,Ages: 40-44,US,-0.011384554426801396,-0.07821163978097419,0.05038252874582934
Polio,75% lower,Ages: 45-49,US,-0.05923689122304612,-0.12048974710111843,-0.0021453951799954712
Polio,75% lower,Ages: 50-54,US,0.019665257409230308,-0.03610400569843979,0.07725150796586402
Polio,75% lower,Ages: 55-59,US,-0.03523058082479322,-0.09499151440178141,0.026464685594970838
Polio,75% lower,Ages: 60-64,US,-0.03453312672678796,-0.10006550006716017,0.027741350431455383
Polio,75% lower,Ages: 65-69,US,0.012503279105593554,-0.04824940514674557,0.07459166470336294
Polio,75% lower,Ages: 70-74,US,-0.043309444988503164,-0.10365500015117696,0.017727604973145183
Polio,75% lower,Ages: 75-79,US,0.08517714616964434,0.021640199915750752,0.1401570763622538
Polio,75% lower,Ages: 80-84,US,0.020423833741120563,-0.04208731434247197,0.08924947357243204
Polio,75% lower,Ages: 85+,US,0.011739963039500171,-0.053826099617000564,0.07121393516694269
Polio,75% lower,Vaccine-reduced transmission,US,-0.47218917953584694,-0.5193973330682742,-0.42701057968607425
Polio,50% lower,Reproductive number,US,0.9381526931186364,0.931109115507315,0.946009445231625
Polio,50% lower,Importation rate,US,0.7615113151778105,0.7383648201950732,0.7861478357239012
Polio,50% lower,Ages: 0-4,US,-0.12702540829530573,-0.18629415653853099,-0.06005765497532664
Polio,50% lower,Ages: 5-9,US,-0.10824075650728004,-0.16750944915890278,-0.0445650237520753
Polio,50% lower,Ages: 10-14,US,-0.09561701852616522,-0.1601718690441384,-0.0321494640358877
Polio,50% lower,Ages: 15-19,US,0.005577558825830107,-0.05770760747672407,0.0690814508992517
Polio,50% lower,Ages: 20-24,US,-0.002632365290487259,-0.0666941816689175,0.058834206415828434
Polio,50% lower,Ages: 25-29,US,-0.07327463692113902,-0.13890845763641635,-0.010987632388792384
Polio,50% lower,Ages: 30-34,US,-0.05190933249773334,-0.11497018585398987,0.010881452408743608
Polio,50% lower,Ages: 35-39,US,-0.00874495552925148,-0.06473932912306168,0.050872951698314156
Polio,50% lower,Ages: 40-44,US,-0.01877400105542273,-0.08200232231545455,0.04709549640653784
Polio,50% lower,Ages: 45-49,US,0.009859657534430905,-0.0499764691234755,0.06948572960608677
Polio,50% lower,Ages: 50-54,US,0.023573177347234426,-0.035492416693365315,0.08259898244463115
Polio,50% lower,Ages: 55-59,US,-0.01476271845702469,-0.07948672256138012,0.0490960814727386
Polio,50% lower,Ages: 60-64,US,-0.03843598194027209,-0.10479734621421063,0.02533025323260689
Polio,50% lower,Ages: 65-69,US,0.044745220448733025,-0.013931402708403387,0.10591829899940011
Polio,50% lower,Ages: 70-74,US,-0.011378392613947358,-0.07435545792549075,0.04818545698710326
Polio,50% lower,Ages: 75-79,US,0.018734136458098315,-0.03948672256978286,0.08124638000398102
Polio,50% lower,Ages: 80-84,US,0.0015552145781081183,-0.06414787064336244,0.06672440583313238
Polio,50% lower,Ages: 85+,US,5.8542067705364945e-5,-0.06184215226729149,0.0610557420063132
Polio,50% lower,Vaccine-reduced transmission,US,-0.6038987429274115,-0.6427876385507423,-0.5640662767708176
Polio,25% lower,Reproductive number,US,0.9634394295262442,0.9589731749705357,0.9685086838975033
Polio,25% lower,Importation rate,US,0.37788268892600985,0.32869092441602005,0.4334635190473777
Polio,25% lower,Ages: 0-4,US,-0.2591126508174686,-0.31152704987273194,-0.1976765349606363
Polio,25% lower,Ages: 5-9,US,-0.14833907161568705,-0.20623493331364845,-0.08783873240210585
Polio,25% lower,Ages: 10-14,US,-0.1073569599140438,-0.1744950084135608,-0.046667841707606794
Polio,25% lower,Ages: 15-19,US,-0.0585664086609092,-0.11980818551549068,0.00467151716776068
Polio,25% lower,Ages: 20-24,US,-0.012733156470051585,-0.07543487654433272,0.04415940405937091
Polio,25% lower,Ages: 25-29,US,-0.08119569422759203,-0.1482553203085474,-0.021117120312379917
Polio,25% lower,Ages: 30-34,US,-0.021091802467896763,-0.09263153524332401,0.04399531761237714
Polio,25% lower,Ages: 35-39,US,-0.027364944933039762,-0.09346076581340995,0.036566457411655394
Polio,25% lower,Ages: 40-44,US,-0.01132842362179425,-0.07126076730347077,0.05273062018849653
Polio,25% lower,Ages: 45-49,US,-0.0353273412869267,-0.10040803870307491,0.03169826012428616
Polio,25% lower,Ages: 50-54,US,0.01775861116563142,-0.03948911176259581,0.0825746307647206
Polio,25% lower,Ages: 55-59,US,-0.015571269800439139,-0.07501114611245441,0.043549825982258844
Polio,25% lower,Ages: 60-64,US,0.007977975985863254,-0.05709037984793126,0.07673355023702934
Polio,25% lower,Ages: 65-69,US,0.021083955257095006,-0.04550194985155659,0.08419788146069092
Polio,25% lower,Ages: 70-74,US,0.013198182902867055,-0.048462438555508705,0.07720106577481718
Polio,25% lower,Ages: 75-79,US,0.039568481549216876,-0.019637315238580005,0.10270264023673874
Polio,25% lower,Ages: 80-84,US,0.012807060879052725,-0.04630160317304343,0.0765327657571594
Polio,25% lower,Ages: 85+,US,0.008546917498426183,-0.05416414150581385,0.07418680864007665
Polio,25% lower,Vaccine-reduced transmission,US,-0.8537979703186002,-0.8707271189000401,-0.8380587384390527
Polio,10% lower,Reproductive number,US,0.8906186368899506,0.8777019068110765,0.9031962610283726
Polio,10% lower,Importation rate,US,0.6704052418761657,0.6353786859886944,0.7045770762241456
Polio,10% lower,Ages: 0-4,US,-0.16028376720099122,-0.2234621827106605,-0.10037749151355385
Polio,10% lower,Ages: 5-9,US,-0.09528439948241925,-0.15358185694542506,-0.034822197754605044
Polio,10% lower,Ages: 10-14,US,-0.04408499711866934,-0.10653821946285107,0.01959079618188142
Polio,10% lower,Ages: 15-19,US,-0.08386004598280142,-0.14942062088353258,-0.022398264730075085
Polio,10% lower,Ages: 20-24,US,-0.015194639979736108,-0.07894535243748797,0.04800229543733077
Polio,10% lower,Ages: 25-29,US,-0.08330268337307137,-0.1423570850654673,-0.021306230520294317
Polio,10% lower,Ages: 30-34,US,-0.02859675838584142,-0.08834648152292615,0.03493580524453224
Polio,10% lower,Ages: 35-39,US,-0.04477193243710788,-0.11012424208311705,0.021368922301954432
Polio,10% lower,Ages: 40-44,US,-0.014043890540896262,-0.07516537080238062,0.04837526515041039
Polio,10% lower,Ages: 45-49,US,-0.017460550049122475,-0.07459777939802177,0.04878943180842045
Polio,10% lower,Ages: 50-54,US,-0.005703388883904747,-0.07050581535323298,0.05581681491637596
Polio,10% lower,Ages: 55-59,US,-0.030663262923943793,-0.09054709395085077,0.029554078046474863
Polio,10% lower,Ages: 60-64,US,-0.010237740281714315,-0.06878915319840113,0.054304958029258624
Polio,10% lower,Ages: 65-69,US,0.05996292625548451,0.00247303529575528,0.12215824321369463
Polio,10% lower,Ages: 70-74,US,-0.022293350010885886,-0.08182999843125605,0.03747042175878282
Polio,10% lower,Ages: 75-79,US,0.015613394007817524,-0.04710404181457845,0.0822345375331156
Polio,10% lower,Ages: 80-84,US,-0.006670172122692999,-0.07151778718269927,0.05701981419306631
Polio,10% lower,Ages: 85+,US,0.04624314749078203,-0.016116921003165308,0.11203210767526882
Polio,10% lower,Vaccine-reduced transmission,US,-0.7894252303953169,-0.8112754525223265,-0.7684295679225615
Polio,Current levels,Reproductive number,US,0.8320293942906714,0.8138633724809426,0.8513446154735264
Polio,Current levels,Importation rate,US,0.8560154004959213,0.8386413630452701,0.8748037679512629
Polio,Current levels,Ages: 0-4,US,-0.16896960586764412,-0.22340397395048847,-0.11086486150939928
Polio,Current levels,Ages: 5-9,US,-0.15817025659528788,-0.21907274054862352,-0.09995270837802661
Polio,Current levels,Ages: 10-14,US,-0.09759313632918035,-0.1649136441927078,-0.03581189841882393
Polio,Current levels,Ages: 15-19,US,-0.05592883229915888,-0.11614048212123444,0.00772244580005102
Polio,Current levels,Ages: 20-24,US,-0.07254937731041489,-0.1358767456001088,-0.0111778786397779
Polio,Current levels,Ages: 25-29,US,-0.05104773363444097,-0.11295008105484283,0.009696391577631816
Polio,Current levels,Ages: 30-34,US,-0.009168999173629155,-0.06908334568781517,0.05118118408399103
Polio,Current levels,Ages: 35-39,US,-0.06807453108435234,-0.13151622000967256,-0.0031269378426362626
Polio,Current levels,Ages: 40-44,US,-0.022785135739021484,-0.08515653510158565,0.04353157392790787
Polio,Current levels,Ages: 45-49,US,-0.07338154384821619,-0.13633183026557721,-0.01147440982926004
Polio,Current levels,Ages: 50-54,US,0.003134118082048091,-0.05552801444346014,0.07004551772630807
Polio,Current levels,Ages: 55-59,US,-0.04437428026740112,-0.10485369853170695,0.016326265977913867
Polio,Current levels,Ages: 60-64,US,-0.005287902741029445,-0.06695770563261008,0.061097720767850805
Polio,Current levels,Ages: 65-69,US,0.06789742614265255,0.007231299445650291,0.12358484897547595
Polio,Current levels,Ages: 70-74,US,-0.004165759944996374,-0.067876383802537,0.058026590842117275
Polio,Current levels,Ages: 75-79,US,0.03816644258936987,-0.022831558791210765,0.10569204493821859
Polio,Current levels,Ages: 80-84,US,-0.027802012152791523,-0.09185203995191081,0.033996876569713286
Polio,Current levels,Ages: 85+,US,0.02604984872583788,-0.03998776062796843,0.08892977575900995
Polio,Current levels,Vaccine-reduced transmission,US,-0.7599094652034806,-0.7888922388370903,-0.7325634202467425
Polio,10% higher,Reproductive number,US,0.7957237115554955,0.7722999316833542,0.821533030324244
Polio,10% higher,Importation rate,US,0.9016055086079227,0.8903251560982766,0.9129998886203529
Polio,10% higher,Ages: 0-4,US,-0.14760668366764856,-0.2041549733799624,-0.09150808156885126
Polio,10% higher,Ages: 5-9,US,-0.16834229147762098,-0.2323078196847851,-0.10936537869115026
Polio,10% higher,Ages: 10-14,US,-0.1456264538146904,-0.20531432499451815,-0.08427226194892015
Polio,10% higher,Ages: 15-19,US,-0.08693131478154079,-0.14226071814907817,-0.02750352996376909
Polio,10% higher,Ages: 20-24,US,-0.0454807033447224,-0.11053765417091184,0.01699282629820606
Polio,10% higher,Ages: 25-29,US,-0.06843540842943205,-0.13567281340062418,-0.0028641290439986866
Polio,10% higher,Ages: 30-34,US,-0.03389037159534947,-0.09443479080477361,0.031063067538029426
Polio,10% higher,Ages: 35-39,US,-0.02774178090406462,-0.09406568524105066,0.034563139354755516
Polio,10% higher,Ages: 40-44,US,-0.012445369790272724,-0.07475928406056873,0.04870998842263805
Polio,10% higher,Ages: 45-49,US,-0.06757575065946143,-0.13415206427828302,-0.006905461203754987
Polio,10% higher,Ages: 50-54,US,0.04984079663833343,-0.018056666920105865,0.10778281809048451
Polio,10% higher,Ages: 55-59,US,-0.0392070823293495,-0.09545522468431877,0.029434757542508017
Polio,10% higher,Ages: 60-64,US,0.0303474678148241,-0.03355192921844956,0.09073051445688574
Polio,10% higher,Ages: 65-69,US,0.03994245267349011,-0.018799030069041447,0.10235145869951956
Polio,10% higher,Ages: 70-74,US,-0.05516647423000385,-0.11176905554923458,0.005058619252095178
Polio,10% higher,Ages: 75-79,US,0.041277885604335186,-0.020148303082447916,0.10359430717983573
Polio,10% higher,Ages: 80-84,US,0.002531288788522125,-0.05925649703143026,0.06611846373827697
Polio,10% higher,Ages: 85+,US,-0.0058791517939840825,-0.06973555982519687,0.05868959006312476
Polio,10% higher,Vaccine-reduced transmission,US,-0.7658399274256757,-0.7926266881100125,-0.7396364529987152
